timestamp,base_yaw.pos,base_pitch.pos,elbow_pitch.pos,wrist_roll.pos,wrist_pitch.pos
0.0,-3.871499,10.818071,15.360195,10.824155,29.807094
0.05,-4.036244,10.769231,15.555556,10.748196,29.682638
0.1,-4.448105,10.622711,15.946276,10.672237,29.433727
0.15,-4.777595,10.525031,16.336996,10.520319,29.184816
0.2,-5.189456,10.378510,16.776557,10.444360,28.935905
0.25,-5.601318,10.231990,17.264957,10.292442,28.562539
0.3,-6.177924,10.036630,17.851038,10.064565,28.189172
0.35,-6.919275,9.890110,18.485958,9.836688,27.691350
0.4,-7.660626,9.743590,19.120879,9.608811,27.317984
0.45,-8.649094,9.645910,19.755800,9.304975,26.944617
0.5,-9.719934,9.548230,20.293040,8.925180,26.571251
0.55,-10.873147,9.450549,20.830281,8.545385,26.197884
0.6,-12.191104,9.450549,21.221001,8.165591,25.948973
0.65,-13.509061,9.450549,21.514042,7.785796,25.824518
0.7,-14.827018,9.499389,21.758242,7.330042,25.700062
0.75,-16.144975,9.548230,21.807082,6.950247,25.700062
0.8,-17.380560,9.597070,21.758242,6.570452,25.700062
0.85,-18.533773,9.694750,21.660562,6.266616,25.824518
0.9,-19.522241,9.792430,21.514042,5.962780,25.948973
0.95,-20.428336,9.841270,21.221001,5.734903,26.073429
1.0,-21.087315,9.938950,20.927961,5.507026,26.197884
1.05,-21.663921,10.036630,20.634921,5.355108,26.446795
1.1,-22.158155,10.085470,20.293040,5.203190,26.695706
1.15,-22.322900,10.183150,20.048840,5.127231,26.820162
1.2,-22.322900,10.183150,19.804640,5.127231,26.944617
1.25,-22.322900,10.231990,19.658120,5.127231,27.069073
1.3,-22.240527,10.231990,19.609280,5.203190,27.069073
1.35,-22.075783,10.183150,19.658120,5.203190,27.069073
1.4,-21.663921,10.134310,19.902320,5.355108,26.944617
1.45,-21.087315,10.036630,20.293040,5.507026,26.695706
1.5,-20.428336,9.938950,20.781441,5.734903,26.322340
1.55,-19.686985,9.792430,21.367521,5.962780,25.948973
1.6,-18.698517,9.694750,22.051282,6.190657,25.575607
1.65,-17.545305,9.597070,22.686203,6.570452,25.202240
1.7,-16.227348,9.499389,23.321123,6.950247,24.828874
1.75,-14.579901,9.450549,23.858364,7.406001,24.455507
1.8,-12.685338,9.401709,24.297924,8.013673,24.206596
1.85,-10.543657,9.401709,24.590965,8.621344,24.082141
1.9,-8.237232,9.352869,24.590965,9.304975,24.082141
1.95,-5.930807,9.352869,24.639805,10.064565,24.082141
2.0,-3.624382,9.352869,24.395604,10.748196,24.206596
2.05,-1.565074,9.352869,24.053724,11.355868,24.455507
2.1,0.329489,9.401709,23.614164,11.963540,24.704418
2.15,1.894563,9.450549,23.028083,12.419294,25.077785
2.2,3.294893,9.548230,22.442002,12.875047,25.451151
2.25,4.530478,9.645910,21.758242,13.254842,25.824518
2.3,5.683690,9.792430,21.074481,13.634637,26.197884
2.35,6.672158,9.938950,20.341880,13.938473,26.695706
2.4,7.578254,10.085470,19.609280,14.242309,27.193528
2.45,8.401977,10.280830,18.876679,14.546145,27.691350
2.5,9.060956,10.525031,18.192918,14.774022,28.189172
2.55,9.555189,10.720391,17.460317,14.925940,28.562539
2.6,9.884679,10.915751,16.727717,15.077858,29.060361
2.65,9.884679,11.111111,16.092796,15.153817,29.433727
2.7,9.884679,11.306471,15.457875,15.153817,29.931549
2.75,9.802306,11.452991,14.920635,15.153817,30.304916
2.8,9.637562,11.599512,14.529915,15.077858,30.553827
2.85,9.390445,11.697192,14.236874,15.001899,30.678283
2.9,8.978583,11.648352,14.285714,14.925940,30.678283
2.95,8.401977,11.599512,14.334554,14.698063,30.678283
3.0,7.660626,11.501832,14.481074,14.470186,30.553827
3.05,6.589786,11.355311,14.822955,14.090391,30.304916
3.1,5.354201,11.111111,15.311355,13.710596,29.931549
3.15,3.953871,10.866911,15.946276,13.254842,29.558183
3.2,2.388797,10.573871,16.630037,12.723130,29.060361
3.25,0.658979,10.329670,17.264957,12.191417,28.562539
3.3,-1.153213,10.134310,17.851038,11.659704,28.189172
3.35,-3.047776,9.987790,18.339438,11.052032,27.815806
3.4,-5.024712,9.841270,18.681319,10.368401,27.566895
3.45,-7.001647,9.792430,18.876679,9.836688,27.442439
3.5,-8.813839,9.841270,18.876679,9.229016,27.442439
3.55,-10.461285,9.841270,18.827839,8.697303,27.566895
3.6,-11.943987,9.890110,18.730159,8.317509,27.566895
3.65,-13.097199,9.987790,18.534799,7.937714,27.691350
3.7,-14.003295,10.085470,18.241758,7.709837,27.940261
3.75,-14.744646,10.183150,17.899878,7.481960,28.189172
3.8,-15.238880,10.280830,17.557998,7.330042,28.313628
3.85,-15.568369,10.378510,17.216117,7.254083,28.562539
3.9,-15.815486,10.476190,16.874237,7.178124,28.811450
3.95,-15.815486,10.573871,16.630037,7.178124,28.935905
4.0,-15.733114,10.622711,16.434676,7.178124,29.060361
4.05,-15.485997,10.622711,16.385836,7.330042,29.184816
4.1,-15.074135,10.573871,16.483516,7.406001,29.060361
4.15,-14.497529,10.525031,16.678877,7.557919,28.935905
4.2,-13.920923,10.378510,17.069597,7.709837,28.686994
4.25,-13.344316,10.231990,17.557998,7.937714,28.313628
4.3,-12.767710,10.085470,18.144078,8.089632,27.940261
4.35,-12.191104,9.890110,18.778999,8.241550,27.566895
4.4,-11.614498,9.743590,19.462759,8.393468,27.069073
4.45,-11.037891,9.597070,20.195360,8.545385,26.571251
4.5,-10.378913,9.450549,20.927961,8.697303,26.197884
4.55,-9.555189,9.352869,21.611722,8.925180,25.700062
4.6,-8.566722,9.304029,22.295482,9.229016,25.326696
4.65,-7.413509,9.255189,22.881563,9.608811,24.953329
4.7,-5.930807,9.255189,23.321123,9.988606,24.704418
4.75,-4.365733,9.255189,23.663004,10.520319,24.579963
4.8,-2.635914,9.304029,23.711844,11.052032,24.579963
4.85,-0.906096,9.352869,23.760684,11.583745,24.579963
4.9,0.823723,9.401709,23.760684,12.115458,24.579963
4.95,2.306425,9.499389,23.711844,12.571212,24.704418
5.0,3.706755,9.548230,23.516484,12.951006,24.828874
5.05,4.859967,9.597070,23.272283,13.330801,24.953329
5.1,5.848435,9.694750,23.028083,13.634637,25.202240
5.15,6.672158,9.743590,22.735043,13.938473,25.326696
5.2,7.413509,9.792430,22.393162,14.166350,25.575607
5.25,8.072488,9.841270,22.051282,14.394227,25.700062
5.3,8.649094,9.938950,21.709402,14.546145,25.948973
5.35,9.225700,9.987790,21.367521,14.774022,26.197884
5.4,9.637562,10.085470,21.025641,14.849981,26.446795
5.45,10.049423,10.134310,20.683761,15.001899,26.571251
5.5,10.378913,10.183150,20.390720,15.153817,26.820162
5.55,10.708402,10.280830,20.048840,15.229776,26.944617
5.6,10.955519,10.329670,19.755800,15.381694,27.193528
5.65,11.202636,10.427350,19.413919,15.457653,27.442439
5.7,11.449753,10.525031,19.072039,15.533612,27.691350
5.75,11.614498,10.573871,18.730159,15.609571,27.815806
5.8,11.614498,10.622711,18.437118,15.609571,28.064717
5.85,11.614498,10.671551,18.241758,15.609571,28.189172
5.9,11.532125,10.720391,18.095238,15.533612,28.189172
5.95,11.367381,10.720391,17.997558,15.533612,28.313628
6.0,11.037891,10.720391,17.997558,15.457653,28.313628
6.05,10.626030,10.622711,18.095238,15.305735,28.189172
6.1,9.967051,10.573871,18.290598,15.077858,28.064717
6.15,9.308072,10.427350,18.632479,14.849981,27.815806
6.2,8.566722,10.280830,19.072039,14.622104,27.566895
6.25,7.742998,10.134310,19.560440,14.318268,27.193528
6.3,6.919275,9.987790,20.097680,14.090391,26.820162
6.35,6.095552,9.841270,20.732601,13.786555,26.446795
6.4,5.189456,9.694750,21.416361,13.482719,26.073429
6.45,4.118616,9.597070,22.148962,13.102924,25.575607
6.5,2.883031,9.499389,22.832723,12.723130,25.202240
6.55,1.482702,9.450549,23.516484,12.267376,24.704418
6.6,-0.082372,9.401709,24.102564,11.811622,24.455507
6.65,-1.812191,9.401709,24.590965,11.279909,24.206596
6.7,-3.542010,9.401709,24.932845,10.748196,23.957685
6.75,-5.354201,9.450549,25.177045,10.216483,23.833230
6.8,-7.001647,9.450549,25.274725,9.684770,23.708774
6.85,-8.566722,9.450549,25.225885,9.229016,23.708774
6.9,-9.884679,9.450549,25.079365,8.849221,23.833230
6.95,-11.037891,9.450549,24.835165,8.469427,23.957685
7.0,-12.026359,9.401709,24.542125,8.165591,24.082141
7.05,-12.767710,9.401709,24.151404,7.937714,24.331052
7.1,-13.344316,9.401709,23.711844,7.785796,24.579963
7.15,-13.838550,9.401709,23.272283,7.633878,24.828874
7.2,-14.168040,9.401709,22.881563,7.557919,25.077785
7.25,-14.168040,9.401709,22.490842,7.557919,25.202240
7.3,-14.168040,9.450549,22.100122,7.557919,25.451151
7.35,-14.168040,9.450549,21.758242,7.557919,25.700062
7.4,-14.085667,9.499389,21.416361,7.557919,25.824518
7.45,-14.003295,9.548230,21.123321,7.633878,26.073429
7.5,-13.920923,9.548230,20.830281,7.633878,26.197884
7.55,-13.838550,9.597070,20.586081,7.709837,26.446795
7.6,-13.426689,9.597070,20.439560,7.861755,26.446795
7.65,-12.767710,9.597070,20.488400,8.013673,26.446795
7.7,-12.108731,9.548230,20.634921,8.241550,26.322340
7.75,-11.285008,9.450549,20.976801,8.469427,26.197884
7.8,-10.461285,9.401709,21.416361,8.697303,25.824518
7.85,-9.555189,9.304029,21.904762,9.001139,25.575607
7.9,-8.566722,9.255189,22.442002,9.229016,25.202240
7.95,-7.495881,9.255189,22.930403,9.532852,24.953329
8.0,-6.342669,9.255189,23.272283,9.912647,24.828874
8.05,-5.024712,9.255189,23.565324,10.292442,24.579963
8.1,-3.542010,9.304029,23.614164,10.748196,24.579963
8.15,-2.059308,9.304029,23.614164,11.203950,24.579963
8.2,-0.494234,9.352869,23.614164,11.659704,24.704418
8.25,0.988468,9.401709,23.614164,12.115458,24.704418
8.3,2.306425,9.499389,23.565324,12.571212,24.704418
8.35,3.542010,9.548230,23.418803,12.951006,24.828874
8.4,4.530478,9.597070,23.174603,13.254842,25.077785
8.45,5.436573,9.645910,22.881563,13.558678,25.202240
8.5,6.177924,9.694750,22.588523,13.786555,25.451151
8.55,6.836903,9.743590,22.246642,14.014432,25.575607
8.6,7.495881,9.890110,20.879121,14.242309,26.446795
8.65,8.072488,10.134310,19.755800,14.394227,27.069073
8.7,8.484349,10.280830,19.023199,14.622104,27.566895
8.75,8.896211,10.476190,18.339438,14.774022,28.064717
8.8,9.060956,10.573871,17.948718,14.774022,28.313628
8.85,9.060956,10.671551,17.606838,14.774022,28.438083
8.9,8.978583,10.720391,17.313797,14.774022,28.686994
8.95,8.896211,10.769231,17.069597,14.774022,28.811450
9.0,8.813839,10.818071,16.923077,14.774022,28.935905
9.05,8.649094,10.818071,16.825397,14.698063,28.935905
9.1,8.401977,10.818071,16.874237,14.622104,28.935905
9.15,8.154860,10.769231,16.971917,14.546145,28.935905
9.2,7.907743,10.720391,17.118437,14.470186,28.811450
9.25,7.578254,10.622711,17.362637,14.394227,28.562539
9.3,7.248764,10.525031,17.704518,14.242309,28.438083
9.35,6.919275,10.378510,18.095238,14.090391,28.064717
9.4,6.507414,10.231990,18.583639,14.014432,27.815806
9.45,6.013180,10.134310,19.120879,13.786555,27.442439
9.5,5.436573,9.987790,19.609280,13.634637,27.193528
9.55,4.777595,9.841270,20.146520,13.406760,26.820162
9.6,3.953871,9.743590,20.586081,13.102924,26.446795
9.65,2.883031,9.645910,20.927961,12.799088,26.322340
9.7,1.729819,9.548230,21.025641,12.419294,26.197884
9.75,0.411862,9.548230,20.830281,12.039499,26.322340
9.8,-0.823723,9.597070,20.146520,11.659704,26.695706
9.85,-1.976936,9.841270,18.974359,11.355868,27.442439
9.9,-3.789127,10.231990,17.313797,10.824155,28.562539
9.95,-4.283361,10.622711,15.946276,10.748196,29.433727
10.0,-3.871499,10.818071,15.360195,10.824155,29.807094
